{"cameraMode":{"drawMode":0,"name":"Shaded","section":"Shading Mode"},"sceneLighting":true,"audioPlay":false,"sceneViewState":{"m_AlwaysRefresh":false,"showFog":true,"showSkybox":true,"showFlares":true,"showImageEffects":true,"showParticleSystems":true,"showVisualEffectGraphs":true,"m_FxEnabled":true},"in2DMode":false,"pivot":{"x":-0.004099994897842407,"y":1.5734000205993653,"z":3.9089999198913576},"rotation":{"x":0.07334070652723313,"y":0.050241924822330478,"z":-0.0036993303801864387,"w":0.9960361123085022},"size":0.6754186749458313,"orthographic":true}