{"cameraMode":{"drawMode":0,"name":"Shaded","section":"Shading Mode"},"sceneLighting":true,"audioPlay":false,"sceneViewState":{"m_AlwaysRefresh":false,"showFog":true,"showSkybox":true,"showFlares":true,"showImageEffects":true,"showParticleSystems":true,"showVisualEffectGraphs":true,"m_FxEnabled":true},"in2DMode":false,"pivot":{"x":0.2617925703525543,"y":0.814934253692627,"z":0.8269345164299011},"rotation":{"x":0.11711561679840088,"y":0.2555689215660095,"z":-0.03120623528957367,"w":0.9591675996780396},"size":0.912463903427124,"orthographic":true}