{"cameraMode":{"drawMode":0,"name":"Shaded","section":"Shading Mode"},"sceneLighting":true,"audioPlay":false,"sceneViewState":{"m_AlwaysRefresh":false,"showFog":true,"showSkybox":true,"showFlares":true,"showImageEffects":true,"showParticleSystems":true,"showVisualEffectGraphs":true,"m_FxEnabled":true},"in2DMode":false,"pivot":{"x":-0.3252200186252594,"y":1.7682180404663087,"z":3.9089999198913576},"rotation":{"x":0.0220137070864439,"y":0.2063530534505844,"z":-0.004643511492758989,"w":0.9782216548919678},"size":0.8660253882408142,"orthographic":true}